	observation_name	taxonomy
1	Cluster_1	Bacteria;Proteobacteria;Betaproteobacteria;Burkholderiales;Alcaligenaceae;Alcaligenes;Alcaligenes_faecalis
2	Cluster_2	Bacteria;Proteobacteria;Gammaproteobacteria;Enterobacterales;Morganellaceae;Xenorhabdus;Xenorhabdus_nematophila
3	Cluster_3	Bacteria;Proteobacteria;Alphaproteobacteria;Rhizobiales;Brucellaceae;Ochrobactrum;Ochrobactrum_anthropi
4	Cluster_4	Bacteria;Proteobacteria;Gammaproteobacteria;Xanthomonadales;Xanthomonadaceae;Stenotrophomonas;Stenotrophomonas_maltophilia
5	Cluster_5	Bacteria;Proteobacteria;Gammaproteobacteria;Pseudomonadales;Pseudomonadaceae;Pseudomonas;Pseudomonas_putida
6	Cluster_6	Bacteria;Proteobacteria;Gammaproteobacteria;Enterobacterales;Morganellaceae;Photorhabdus;Photorhabdus_luminescens
7	Cluster_7	Bacteria;Proteobacteria;Gammaproteobacteria;Xanthomonadales;Xanthomonadaceae;Stenotrophomonas;Stenotrophomonas_maltophilia
8	Cluster_8	Bacteria;Proteobacteria;Alphaproteobacteria;Rhizobiales;Brucellaceae;Pseudochrobactrum;Pseudochrobactrum_sp._AO18b
9	Cluster_9	Bacteria;Proteobacteria;Betaproteobacteria;Burkholderiales;Alcaligenaceae;Alcaligenes;Alcaligenes_faecalis
10	Cluster_10	Bacteria;Proteobacteria;Gammaproteobacteria;Pseudomonadales;Pseudomonadaceae;Pseudomonas;Pseudomonas_sp._EGD-AK9
11	Cluster_11	Bacteria;Firmicutes;Bacilli;Bacillales;Bacillaceae;Bacillus;Multi-affiliation
12	Cluster_12	Bacteria;Proteobacteria;Alphaproteobacteria;Caulobacterales;Caulobacteraceae;Brevundimonas;Brevundimonas_diminuta
13	Cluster_13	Bacteria;Proteobacteria;Alphaproteobacteria;Sphingomonadales;Sphingomonadaceae;Sphingomonas;Sphingomonas_koreensis
14	Cluster_14	Bacteria;Proteobacteria;Alphaproteobacteria;Caulobacterales;Caulobacteraceae;Brevundimonas;Multi-affiliation
15	Cluster_15	Bacteria;Firmicutes;Bacilli;Bacillales;Paenibacillaceae;Paenibacillus;Paenibacillus_sp._Y412MC10
16	Cluster_16	Bacteria;Proteobacteria;Alphaproteobacteria;Rhizobiales;Brucellaceae;Ochrobactrum;Ochrobactrum_rhizosphaerae
17	Cluster_17	Bacteria;Proteobacteria;Gammaproteobacteria;Enterobacterales;Yersiniaceae;Serratia;Serratia_liquefaciens
18	Cluster_18	Bacteria;Proteobacteria;Gammaproteobacteria;Pseudomonadales;Pseudomonadaceae;Pseudomonas;Pseudomonas_fluorescens
19	Cluster_19	Bacteria;Proteobacteria;Gammaproteobacteria;Pseudomonadales;Pseudomonadaceae;Pseudomonas;Pseudomonas_putida
20	Cluster_20	Bacteria;Proteobacteria;Gammaproteobacteria;Pseudomonadales;Pseudomonadaceae;Pseudomonas;Pseudomonas_chlororaphis
21	Cluster_21	Bacteria;Proteobacteria;Gammaproteobacteria;Pseudomonadales;Pseudomonadaceae;Pseudomonas;Pseudomonas_sp._EGD-AK9
22	Cluster_22	Bacteria;Proteobacteria;Alphaproteobacteria;Rhizobiales;Brucellaceae;Ochrobactrum;Ochrobactrum_pseudogrignonense
23	Cluster_23	Bacteria;Proteobacteria;Gammaproteobacteria;Enterobacterales;Yersiniaceae;Serratia;Serratia_sp._JKS296
24	Cluster_24	Bacteria;Firmicutes;Bacilli;Lactobacillales;Enterococcaceae;Enterococcus;Enterococcus_mundtii
25	Cluster_25	Bacteria;Proteobacteria;Alphaproteobacteria;Rhizobiales;Brucellaceae;Pseudochrobactrum;Pseudochrobactrum_sp._AO18b
26	Cluster_26	Bacteria;Proteobacteria;Alphaproteobacteria;Rhizobiales;Bradyrhizobiaceae;Afipia;Afipia_broomeae
27	Cluster_27	Bacteria;Proteobacteria;Betaproteobacteria;Burkholderiales;Alcaligenaceae;Achromobacter;Achromobacter_sp._DH1f
28	Cluster_28	Bacteria;Proteobacteria;Gammaproteobacteria;Xanthomonadales;Xanthomonadaceae;Stenotrophomonas;Stenotrophomonas_maltophilia
29	Cluster_29	Bacteria;Proteobacteria;Alphaproteobacteria;Rhizobiales;Brucellaceae;Ochrobactrum;Multi-affiliation
30	Cluster_30	Bacteria;Proteobacteria;Gammaproteobacteria;Pseudomonadales;Moraxellaceae;Acinetobacter;Multi-affiliation
31	Cluster_31	Bacteria;Proteobacteria;Gammaproteobacteria;Pseudomonadales;Pseudomonadaceae;Pseudomonas;Multi-affiliation
32	Cluster_32	Bacteria;Bacteroidetes;Flavobacteriia;Flavobacteriales;Flavobacteriaceae;Flavobacterium;Flavobacterium_sp._Leaf359
33	Cluster_33	Bacteria;Proteobacteria;Gammaproteobacteria;Pseudomonadales;Moraxellaceae;Acinetobacter;Acinetobacter_sp._NIPH_1867
34	Cluster_34	Bacteria;Firmicutes;Bacilli;Bacillales;Thermoactinomycetaceae;Planifilum;Planifilum_fimeticola
35	Cluster_35	Bacteria;Proteobacteria;Alphaproteobacteria;Rhizobiales;Phyllobacteriaceae;Aminobacter;Aminobacter_aminovorans
36	Cluster_36	Bacteria;Proteobacteria;Gammaproteobacteria;Xanthomonadales;Xanthomonadaceae;Stenotrophomonas;Stenotrophomonas_maltophilia
37	Cluster_37	Bacteria;Proteobacteria;Alphaproteobacteria;Rhizobiales;Brucellaceae;Pseudochrobactrum;Pseudochrobactrum_sp._AO18b
38	Cluster_38	Bacteria;Proteobacteria;Alphaproteobacteria;Caulobacterales;Caulobacteraceae;Brevundimonas;Multi-affiliation
39	Cluster_39	Bacteria;Proteobacteria;Gammaproteobacteria;Enterobacterales;Morganellaceae;Xenorhabdus;Xenorhabdus_bovienii
40	Cluster_40	Bacteria;Proteobacteria;Gammaproteobacteria;Pseudomonadales;Pseudomonadaceae;Pseudomonas;Pseudomonas_sp._PH1b
41	Cluster_41	Bacteria;Proteobacteria;Alphaproteobacteria;Rhizobiales;Rhizobiaceae;Sinorhizobium;Sinorhizobium_sp._RAC02
42	Cluster_42	Bacteria;Proteobacteria;Gammaproteobacteria;Cellvibrionales;Cellvibrionaceae;Cellvibrio;Cellvibrio_sp._pealriver
43	Cluster_43	Bacteria;Proteobacteria;Betaproteobacteria;Burkholderiales;Alcaligenaceae;Alcaligenes;Alcaligenes_faecalis
44	Cluster_44	Bacteria;Firmicutes;Bacilli;Bacillales;Thermoactinomycetaceae;Planifilum;Planifilum_fulgidum
45	Cluster_45	Bacteria;Proteobacteria;Gammaproteobacteria;Enterobacterales;Enterobacteriaceae;Citrobacter;Citrobacter_sp._MGH100
46	Cluster_46	Bacteria;Proteobacteria;Betaproteobacteria;Burkholderiales;Comamonadaceae;Delftia;Multi-affiliation
47	Cluster_47	Bacteria;Firmicutes;Bacilli;Bacillales;Bacillaceae;Lysinibacillus;Lysinibacillus_sphaericus
48	Cluster_48	Bacteria;Proteobacteria;Gammaproteobacteria;Xanthomonadales;Xanthomonadaceae;Stenotrophomonas;Stenotrophomonas_rhizophila
49	Cluster_49	Bacteria;Proteobacteria;Alphaproteobacteria;Rhizobiales;Hyphomicrobiaceae;Devosia;Devosia_psychrophila
50	Cluster_50	Bacteria;Proteobacteria;Betaproteobacteria;Burkholderiales;Alcaligenaceae;Achromobacter;Multi-affiliation
51	Cluster_51	Bacteria;Proteobacteria;Alphaproteobacteria;Rhizobiales;Rhizobiaceae;Sinorhizobium;Sinorhizobium_sp._RAC02
52	Cluster_52	Bacteria;Proteobacteria;Betaproteobacteria;Burkholderiales;Alcaligenaceae;Achromobacter;Achromobacter_sp._2789STDY5608607
53	Cluster_53	Bacteria;Proteobacteria;Gammaproteobacteria;Xanthomonadales;Xanthomonadaceae;Stenotrophomonas;Stenotrophomonas_humi
54	Cluster_54	Bacteria;Proteobacteria;Alphaproteobacteria;Rhizobiales;Bradyrhizobiaceae;Afipia;Afipia_birgiae
55	Cluster_55	Bacteria;Firmicutes;Bacilli;Bacillales;Paenibacillaceae;Paenibacillus;Paenibacillus_sp._DMB5
56	Cluster_56	Bacteria;Proteobacteria;Gammaproteobacteria;Xanthomonadales;Xanthomonadaceae;Stenotrophomonas;Stenotrophomonas_maltophilia
57	Cluster_57	Bacteria;Proteobacteria;Gammaproteobacteria;Pseudomonadales;Pseudomonadaceae;Pseudomonas;Pseudomonas_brenneri
58	Cluster_58	Bacteria;Proteobacteria;Gammaproteobacteria;Pseudomonadales;Pseudomonadaceae;Pseudomonas;Multi-affiliation
59	Cluster_59	Bacteria;Proteobacteria;Betaproteobacteria;Burkholderiales;Comamonadaceae;Delftia;Multi-affiliation
60	Cluster_60	Bacteria;Proteobacteria;Betaproteobacteria;Burkholderiales;Comamonadaceae;Pelomonas;Pelomonas_sp._Root1444
61	Cluster_61	Bacteria;Proteobacteria;Alphaproteobacteria;Rhizobiales;Brucellaceae;Pseudochrobactrum;Pseudochrobactrum_sp._AO18b
62	Cluster_62	Bacteria;Bacteroidetes;Sphingobacteriia;Sphingobacteriales;Sphingobacteriaceae;Sphingobacterium;Sphingobacterium_multivorum
63	Cluster_63	Bacteria;Proteobacteria;Betaproteobacteria;Burkholderiales;Comamonadaceae;Variovorax;Variovorax_sp._Root473
64	Cluster_64	Bacteria;Proteobacteria;Betaproteobacteria;Burkholderiales;unclassified;unclassified;Multi-affiliation
65	Cluster_65	Bacteria;Proteobacteria;Alphaproteobacteria;Caulobacterales;Caulobacteraceae;Brevundimonas;Brevundimonas_diminuta
66	Cluster_66	Bacteria;Proteobacteria;Alphaproteobacteria;Rhizobiales;Brucellaceae;Pseudochrobactrum;Pseudochrobactrum_sp._AO18b
67	Cluster_67	Bacteria;Bacteroidetes;Chitinophagia;Chitinophagales;Chitinophagaceae;Filimonas;Filimonas_lacunae
68	Cluster_68	Bacteria;Proteobacteria;Betaproteobacteria;Burkholderiales;Comamonadaceae;Acidovorax;Multi-affiliation
69	Cluster_69	Bacteria;Proteobacteria;Gammaproteobacteria;Enterobacterales;Enterobacteriaceae;Multi-affiliation;Multi-affiliation
70	Cluster_70	Bacteria;Proteobacteria;Alphaproteobacteria;Rhizobiales;Hyphomicrobiaceae;Devosia;Devosia_psychrophila
71	Cluster_71	Bacteria;Proteobacteria;Alphaproteobacteria;Rhizobiales;Bradyrhizobiaceae;Afipia;Multi-affiliation
72	Cluster_72	Bacteria;Proteobacteria;Gammaproteobacteria;Xanthomonadales;Xanthomonadaceae;Stenotrophomonas;Stenotrophomonas_humi
73	Cluster_73	Bacteria;Proteobacteria;Alphaproteobacteria;Rhizobiales;Brucellaceae;Ochrobactrum;Ochrobactrum_rhizosphaerae
74	Cluster_74	Bacteria;Proteobacteria;Alphaproteobacteria;Caulobacterales;Caulobacteraceae;Brevundimonas;Brevundimonas_sp._Root1279
75	Cluster_75	Bacteria;Proteobacteria;Alphaproteobacteria;Caulobacterales;Caulobacteraceae;Brevundimonas;Brevundimonas_sp._Root1279
76	Cluster_76	Bacteria;Proteobacteria;Alphaproteobacteria;Rhizobiales;Rhizobiaceae;Multi-affiliation;Multi-affiliation
78	Cluster_78	Bacteria;Proteobacteria;Alphaproteobacteria;Rhizobiales;Phyllobacteriaceae;Mesorhizobium;Multi-affiliation
79	Cluster_79	Bacteria;Proteobacteria;Alphaproteobacteria;Caulobacterales;Caulobacteraceae;Brevundimonas;Brevundimonas_sp._BAL3
80	Cluster_80	Bacteria;Proteobacteria;Gammaproteobacteria;Xanthomonadales;Xanthomonadaceae;Stenotrophomonas;Stenotrophomonas_maltophilia
81	Cluster_81	Bacteria;Proteobacteria;Alphaproteobacteria;Rhizobiales;Hyphomicrobiaceae;Devosia;Devosia_sp._Root413D1
82	Cluster_82	Bacteria;Proteobacteria;Alphaproteobacteria;Rhizobiales;Brucellaceae;Ochrobactrum;Ochrobactrum_rhizosphaerae
83	Cluster_83	Bacteria;Proteobacteria;Alphaproteobacteria;Rhizobiales;Hyphomicrobiaceae;Hyphomicrobium;Multi-affiliation
84	Cluster_84	Bacteria;Proteobacteria;Betaproteobacteria;Burkholderiales;Oxalobacteraceae;Janthinobacterium;Multi-affiliation
85	Cluster_85	Bacteria;Proteobacteria;Alphaproteobacteria;Sphingomonadales;Sphingomonadaceae;Sphingopyxis;Sphingopyxis_ummariensis
86	Cluster_86	Bacteria;Proteobacteria;Betaproteobacteria;Burkholderiales;Comamonadaceae;Variovorax;Variovorax_paradoxus
87	Cluster_87	Bacteria;Proteobacteria;Gammaproteobacteria;Xanthomonadales;Xanthomonadaceae;Stenotrophomonas;Stenotrophomonas_humi
88	Cluster_88	Bacteria;Proteobacteria;Gammaproteobacteria;Xanthomonadales;Nevskiaceae;Nevskia;Nevskia_soli
89	Cluster_89	Bacteria;Proteobacteria;Betaproteobacteria;Burkholderiales;Comamonadaceae;Variovorax;Variovorax_boronicumulans
90	Cluster_90	Bacteria;Proteobacteria;Betaproteobacteria;Burkholderiales;Comamonadaceae;Variovorax;unclassified
91	Cluster_91	Bacteria;Proteobacteria;Betaproteobacteria;Burkholderiales;Alcaligenaceae;Achromobacter;Achromobacter_xylosoxidans
92	Cluster_92	Bacteria;Proteobacteria;Alphaproteobacteria;Rhizobiales;Hyphomicrobiaceae;Devosia;Multi-affiliation
93	Cluster_93	Bacteria;Bacteroidetes;Sphingobacteriia;Sphingobacteriales;Sphingobacteriaceae;Sphingobacterium;Sphingobacterium_multivorum
94	Cluster_94	Bacteria;Proteobacteria;Alphaproteobacteria;Rhizobiales;Phyllobacteriaceae;Phyllobacterium;Phyllobacterium_sp._YR531
95	Cluster_95	Bacteria;Proteobacteria;Alphaproteobacteria;Rhizobiales;Brucellaceae;Ochrobactrum;Multi-affiliation
96	Cluster_96	Bacteria;Proteobacteria;Gammaproteobacteria;Xanthomonadales;Xanthomonadaceae;Stenotrophomonas;Multi-affiliation
97	Cluster_97	Bacteria;Proteobacteria;Alphaproteobacteria;Rhizobiales;Brucellaceae;Pseudochrobactrum;Pseudochrobactrum_sp._AO18b
98	Cluster_98	Bacteria;Firmicutes;Bacilli;Lactobacillales;Enterococcaceae;Enterococcus;Enterococcus_mundtii
99	Cluster_99	Bacteria;Proteobacteria;Betaproteobacteria;Burkholderiales;Comamonadaceae;Acidovorax;Acidovorax_sp._KKS102
100	Cluster_100	Bacteria;Proteobacteria;Alphaproteobacteria;Caulobacterales;Caulobacteraceae;Phenylobacterium;Phenylobacterium_sp._Root700
101	Cluster_101	Bacteria;Proteobacteria;Alphaproteobacteria;Rhizobiales;Rhizobiaceae;Multi-affiliation;Multi-affiliation
102	Cluster_102	Bacteria;Proteobacteria;Alphaproteobacteria;Rhizobiales;Hyphomicrobiaceae;Devosia;Devosia_sp._Root105
103	Cluster_103	Bacteria;Proteobacteria;Alphaproteobacteria;Rhizobiales;Bradyrhizobiaceae;Afipia;Afipia_massiliensis
104	Cluster_104	Bacteria;Proteobacteria;Gammaproteobacteria;Pseudomonadales;Moraxellaceae;Acinetobacter;Acinetobacter_rudis
105	Cluster_105	Bacteria;Proteobacteria;Betaproteobacteria;Burkholderiales;Burkholderiaceae;Cupriavidus;Cupriavidus_metallidurans
106	Cluster_106	Bacteria;Proteobacteria;Alphaproteobacteria;Rhizobiales;Brucellaceae;Ochrobactrum;Ochrobactrum_rhizosphaerae
107	Cluster_107	Bacteria;Proteobacteria;Gammaproteobacteria;Pseudomonadales;Pseudomonadaceae;Pseudomonas;Pseudomonas_putida
108	Cluster_108	Bacteria;Proteobacteria;Alphaproteobacteria;Rhizobiales;Rhizobiaceae;Multi-affiliation;Multi-affiliation
109	Cluster_109	Bacteria;Proteobacteria;Betaproteobacteria;Burkholderiales;Comamonadaceae;Acidovorax;Acidovorax_sp._GW101-3H11
110	Cluster_110	Bacteria;Proteobacteria;Alphaproteobacteria;Sphingomonadales;Sphingomonadaceae;Sphingopyxis;Sphingopyxis_sp._RIFCSPHIGHO2_12_FULL_65_19
111	Cluster_111	Bacteria;Proteobacteria;Gammaproteobacteria;Legionellales;Coxiellaceae;unclassified;unclassified
112	Cluster_112	Bacteria;Proteobacteria;Alphaproteobacteria;Rhizobiales;Brucellaceae;Pseudochrobactrum;Pseudochrobactrum_sp._AO18b
113	Cluster_113	Bacteria;Proteobacteria;Alphaproteobacteria;Caulobacterales;Caulobacteraceae;Brevundimonas;Brevundimonas_sp._Root1279
114	Cluster_114	Bacteria;Proteobacteria;Betaproteobacteria;Burkholderiales;Alcaligenaceae;Achromobacter;Achromobacter_xylosoxidans
115	Cluster_115	Bacteria;Proteobacteria;Alphaproteobacteria;Rhizobiales;Hyphomicrobiaceae;Devosia;Devosia_sp._LC5
116	Cluster_116	Bacteria;Proteobacteria;Betaproteobacteria;Burkholderiales;unclassified;unclassified;Multi-affiliation
117	Cluster_117	Bacteria;Proteobacteria;Betaproteobacteria;Burkholderiales;Comamonadaceae;Variovorax;Multi-affiliation
118	Cluster_118	Bacteria;Proteobacteria;Alphaproteobacteria;Rhizobiales;Phyllobacteriaceae;Phyllobacterium;Phyllobacterium_sp._OV277
119	Cluster_119	Bacteria;Proteobacteria;Alphaproteobacteria;Rhizobiales;Brucellaceae;Ochrobactrum;Multi-affiliation
120	Cluster_120	Bacteria;Proteobacteria;Gammaproteobacteria;Pseudomonadales;Pseudomonadaceae;Pseudomonas;Multi-affiliation
121	Cluster_121	Bacteria;Bacteroidetes;Flavobacteriia;Flavobacteriales;Flavobacteriaceae;Flavobacterium;Flavobacterium_sp._URHB0058
122	Cluster_122	Bacteria;Proteobacteria;Alphaproteobacteria;Rhizobiales;Phyllobacteriaceae;Mesorhizobium;Mesorhizobium_sp._ORS3359
124	Cluster_124	Bacteria;Proteobacteria;Alphaproteobacteria;Sphingomonadales;Sphingomonadaceae;Sphingopyxis;Multi-affiliation
126	Cluster_126	Bacteria;Proteobacteria;Alphaproteobacteria;Sphingomonadales;Sphingomonadaceae;Sphingomonas;Sphingomonas_koreensis
127	Cluster_127	Bacteria;Bacteroidetes;Sphingobacteriia;Sphingobacteriales;Sphingobacteriaceae;Sphingobacterium;Multi-affiliation
128	Cluster_128	Bacteria;Proteobacteria;Alphaproteobacteria;Sphingomonadales;Sphingomonadaceae;Sphingopyxis;Multi-affiliation
129	Cluster_129	Bacteria;Proteobacteria;Gammaproteobacteria;Enterobacterales;Morganellaceae;Photorhabdus;Photorhabdus_luminescens
130	Cluster_130	Bacteria;Proteobacteria;Gammaproteobacteria;Pseudomonadales;Pseudomonadaceae;Pseudomonas;Pseudomonas_putida
131	Cluster_131	Bacteria;Proteobacteria;Alphaproteobacteria;Rhizobiales;Rhizobiaceae;Sinorhizobium;Sinorhizobium_sp._RAC02
132	Cluster_132	Bacteria;Bacteroidetes;Flavobacteriia;Flavobacteriales;Flavobacteriaceae;Flavobacterium;Flavobacterium_sp._Leaf359
133	Cluster_133	Bacteria;Proteobacteria;Betaproteobacteria;Burkholderiales;Alcaligenaceae;Achromobacter;Achromobacter_xylosoxidans
134	Cluster_134	Bacteria;Proteobacteria;Alphaproteobacteria;Sphingomonadales;Sphingomonadaceae;Sphingopyxis;Multi-affiliation
135	Cluster_135	Bacteria;Proteobacteria;Betaproteobacteria;Burkholderiales;Alcaligenaceae;Achromobacter;Achromobacter_piechaudii
136	Cluster_136	Bacteria;Proteobacteria;Alphaproteobacteria;Rhizobiales;Hyphomicrobiaceae;Devosia;Devosia_psychrophila
137	Cluster_137	Bacteria;Proteobacteria;Alphaproteobacteria;Rhizobiales;Bradyrhizobiaceae;Afipia;Afipia_broomeae
138	Cluster_138	Bacteria;Proteobacteria;Gammaproteobacteria;Pseudomonadales;Pseudomonadaceae;Pseudomonas;Multi-affiliation
139	Cluster_139	Bacteria;Proteobacteria;Betaproteobacteria;Burkholderiales;Comamonadaceae;Acidovorax;Multi-affiliation
140	Cluster_140	Bacteria;Proteobacteria;Alphaproteobacteria;Caulobacterales;Caulobacteraceae;Phenylobacterium;Multi-affiliation
141	Cluster_141	Bacteria;Proteobacteria;Betaproteobacteria;Burkholderiales;Alcaligenaceae;Achromobacter;Achromobacter_xylosoxidans
143	Cluster_143	Bacteria;Proteobacteria;Gammaproteobacteria;Xanthomonadales;Xanthomonadaceae;Stenotrophomonas;Multi-affiliation
144	Cluster_144	Bacteria;Proteobacteria;Gammaproteobacteria;Pseudomonadales;Pseudomonadaceae;Pseudomonas;Pseudomonas_azotoformans
145	Cluster_145	Bacteria;Proteobacteria;Gammaproteobacteria;Xanthomonadales;Xanthomonadaceae;Stenotrophomonas;Stenotrophomonas_sp._KCTC_12332
146	Cluster_146	Bacteria;Proteobacteria;Gammaproteobacteria;Pasteurellales;Pasteurellaceae;Haemophilus;Haemophilus_influenzae
147	Cluster_147	Bacteria;Proteobacteria;Gammaproteobacteria;Enterobacterales;Enterobacteriaceae;Enterobacter;Multi-affiliation
148	Cluster_148	Bacteria;Bacteroidetes;Chitinophagia;Chitinophagales;Chitinophagaceae;Flavihumibacter;Flavihumibacter_solisilvae
149	Cluster_149	Bacteria;Proteobacteria;Gammaproteobacteria;Enterobacterales;Enterobacteriaceae;Lelliottia;Lelliottia_amnigena
150	Cluster_150	Bacteria;Proteobacteria;Alphaproteobacteria;Rhizobiales;Phyllobacteriaceae;Phyllobacterium;Phyllobacterium_sp._YR531
151	Cluster_151	Bacteria;Proteobacteria;Alphaproteobacteria;Caulobacterales;Caulobacteraceae;Phenylobacterium;Phenylobacterium_sp._Root700
152	Cluster_152	Bacteria;Proteobacteria;Gammaproteobacteria;Pseudomonadales;Pseudomonadaceae;Pseudomonas;Multi-affiliation
153	Cluster_153	Bacteria;Proteobacteria;Alphaproteobacteria;Sphingomonadales;Sphingomonadaceae;Sphingomonas;Sphingomonas_koreensis
154	Cluster_154	Bacteria;Bacteroidetes;Sphingobacteriia;Sphingobacteriales;Sphingobacteriaceae;Pedobacter;Pedobacter_sp._PACM_27299
155	Cluster_155	Bacteria;Proteobacteria;Alphaproteobacteria;Rhodobacterales;Rhodobacteraceae;Paracoccus;Paracoccus_aminophilus
156	Cluster_156	Bacteria;Proteobacteria;Betaproteobacteria;Burkholderiales;Comamonadaceae;Variovorax;unclassified
157	Cluster_157	Bacteria;Proteobacteria;Alphaproteobacteria;Rhizobiales;Phyllobacteriaceae;Mesorhizobium;Mesorhizobium_loti
158	Cluster_158	Bacteria;Proteobacteria;Alphaproteobacteria;Rhizobiales;Rhizobiaceae;Sinorhizobium;Sinorhizobium_sp._RAC02
159	Cluster_159	Bacteria;Proteobacteria;Betaproteobacteria;Burkholderiales;Oxalobacteraceae;Janthinobacterium;Janthinobacterium_sp._Marseille
160	Cluster_160	Bacteria;Proteobacteria;Alphaproteobacteria;Rhizobiales;Rhizobiaceae;Neorhizobium;Neorhizobium_galegae
161	Cluster_162	Bacteria;Proteobacteria;Betaproteobacteria;Burkholderiales;Alcaligenaceae;Achromobacter;Achromobacter_sp._DH1f
162	Cluster_163	Bacteria;Proteobacteria;Alphaproteobacteria;Rhizobiales;Rhizobiaceae;Shinella;Shinella_sp._DD12
163	Cluster_164	Bacteria;Firmicutes;Bacilli;Lactobacillales;Multi-affiliation;Multi-affiliation;Multi-affiliation
164	Cluster_165	Bacteria;Proteobacteria;Alphaproteobacteria;Rhodobacterales;Rhodobacteraceae;Nereida;Nereida_ignava
165	Cluster_167	Bacteria;Proteobacteria;Alphaproteobacteria;Sphingomonadales;Sphingomonadaceae;Sphingopyxis;Sphingopyxis_sp._RIFCSPHIGHO2_01_FULL_65_24
166	Cluster_168	Bacteria;Proteobacteria;Gammaproteobacteria;Enterobacterales;Morganellaceae;Xenorhabdus;Xenorhabdus_nematophila
167	Cluster_169	Bacteria;Proteobacteria;Alphaproteobacteria;Rhizobiales;Phyllobacteriaceae;Aminobacter;Aminobacter_aminovorans
168	Cluster_170	Bacteria;Proteobacteria;Alphaproteobacteria;Rhizobiales;Brucellaceae;Ochrobactrum;Ochrobactrum_rhizosphaerae
169	Cluster_171	Bacteria;Proteobacteria;Betaproteobacteria;Burkholderiales;Alcaligenaceae;Achromobacter;Achromobacter_sp._DH1f
170	Cluster_172	Bacteria;Proteobacteria;Alphaproteobacteria;Rhizobiales;Bradyrhizobiaceae;unclassified;Bradyrhizobiaceae_bacterium_SG-6C
171	Cluster_173	Bacteria;Proteobacteria;Alphaproteobacteria;Rhizobiales;Hyphomicrobiaceae;Devosia;Devosia_limi
172	Cluster_174	Bacteria;Proteobacteria;Alphaproteobacteria;Sphingomonadales;Sphingomonadaceae;Sphingopyxis;Sphingopyxis_sp._YR583
173	Cluster_176	Bacteria;Proteobacteria;Alphaproteobacteria;Rhizobiales;Rhizobiaceae;Ensifer;Multi-affiliation
174	Cluster_177	Bacteria;Proteobacteria;Gammaproteobacteria;Pseudomonadales;Pseudomonadaceae;Pseudomonas;Pseudomonas_putida
175	Cluster_178	Bacteria;Proteobacteria;Betaproteobacteria;Burkholderiales;Alcaligenaceae;Bordetella;Bordetella_avium
176	Cluster_180	Bacteria;Proteobacteria;Betaproteobacteria;Burkholderiales;Alcaligenaceae;Achromobacter;Achromobacter_sp._DH1f
177	Cluster_181	Bacteria;Proteobacteria;Gammaproteobacteria;Xanthomonadales;Xanthomonadaceae;Stenotrophomonas;Stenotrophomonas_maltophilia
178	Cluster_183	Bacteria;Bacteroidetes;Flavobacteriia;Flavobacteriales;Flavobacteriaceae;Chryseobacterium;Multi-affiliation
180	Cluster_185	Bacteria;Proteobacteria;Alphaproteobacteria;Sphingomonadales;Sphingomonadaceae;Sphingopyxis;Sphingopyxis_sp._MWB1
181	Cluster_186	Bacteria;Bacteroidetes;Sphingobacteriia;Sphingobacteriales;Sphingobacteriaceae;Sphingobacterium;Sphingobacterium_sp._ML3W
182	Cluster_187	Bacteria;Proteobacteria;Betaproteobacteria;Burkholderiales;Comamonadaceae;Delftia;Multi-affiliation
183	Cluster_188	Bacteria;Bacteroidetes;Flavobacteriia;Flavobacteriales;Flavobacteriaceae;Flavobacterium;Flavobacterium_sp._VMW
184	Cluster_190	Bacteria;Proteobacteria;Alphaproteobacteria;Rhizobiales;Brucellaceae;Pseudochrobactrum;Pseudochrobactrum_sp._AO18b
185	Cluster_191	Bacteria;Proteobacteria;Alphaproteobacteria;unclassified;unclassified;unclassified;unclassified
186	Cluster_192	Bacteria;Proteobacteria;Alphaproteobacteria;Sphingomonadales;Sphingomonadaceae;Sphingopyxis;Multi-affiliation
187	Cluster_194	Bacteria;Proteobacteria;Alphaproteobacteria;Caulobacterales;Caulobacteraceae;Brevundimonas;Brevundimonas_diminuta
188	Cluster_195	Bacteria;Proteobacteria;Betaproteobacteria;Burkholderiales;Alcaligenaceae;Achromobacter;Achromobacter_spanius
189	Cluster_196	Bacteria;Proteobacteria;Alphaproteobacteria;Rhizobiales;Rhizobiaceae;Sinorhizobium;Sinorhizobium_sp._RAC02
190	Cluster_197	Bacteria;Firmicutes;Bacilli;Bacillales;Paenibacillaceae;Paenibacillus;Paenibacillus_sp._FSL_H7-0737
191	Cluster_198	Bacteria;Proteobacteria;Gammaproteobacteria;Pseudomonadales;Pseudomonadaceae;Pseudomonas;Pseudomonas_chlororaphis
192	Cluster_199	Bacteria;Proteobacteria;Gammaproteobacteria;Enterobacterales;Yersiniaceae;Serratia;Serratia_sp._TEL
193	Cluster_200	Bacteria;Proteobacteria;Multi-affiliation;Multi-affiliation;Multi-affiliation;Multi-affiliation;Multi-affiliation
194	Cluster_201	Bacteria;Proteobacteria;Alphaproteobacteria;Sphingomonadales;Sphingomonadaceae;Sphingopyxis;Sphingopyxis_macrogoltabida
195	Cluster_202	Bacteria;Proteobacteria;Gammaproteobacteria;Xanthomonadales;Xanthomonadaceae;Stenotrophomonas;Multi-affiliation
196	Cluster_203	Bacteria;Proteobacteria;Alphaproteobacteria;Sphingomonadales;Sphingomonadaceae;Sphingopyxis;Sphingopyxis_sp._LC81
197	Cluster_204	Bacteria;Proteobacteria;Alphaproteobacteria;Caulobacterales;Caulobacteraceae;Phenylobacterium;Multi-affiliation
198	Cluster_205	Bacteria;Proteobacteria;Betaproteobacteria;Burkholderiales;Alcaligenaceae;Achromobacter;Multi-affiliation
199	Cluster_207	Bacteria;Proteobacteria;Alphaproteobacteria;Rhizobiales;Phyllobacteriaceae;Mesorhizobium;Multi-affiliation
200	Cluster_208	Bacteria;Proteobacteria;Alphaproteobacteria;Rhizobiales;Rhizobiaceae;Shinella;Shinella_sp._DD12
201	Cluster_209	Bacteria;Bacteroidetes;Flavobacteriia;Flavobacteriales;Flavobacteriaceae;Flavobacterium;Flavobacterium_ummariense
202	Cluster_210	Bacteria;Proteobacteria;Alphaproteobacteria;Rhizobiales;Bradyrhizobiaceae;Afipia;Afipia_broomeae
203	Cluster_211	Bacteria;Bacteroidetes;Flavobacteriia;Flavobacteriales;Flavobacteriaceae;Flavobacterium;Flavobacterium_sp._Leaf359
204	Cluster_212	Bacteria;Proteobacteria;Betaproteobacteria;Burkholderiales;Oxalobacteraceae;Collimonas;unclassified
205	Cluster_213	Bacteria;Proteobacteria;Gammaproteobacteria;Enterobacterales;Morganellaceae;Photorhabdus;Photorhabdus_luminescens
206	Cluster_214	Bacteria;Proteobacteria;Betaproteobacteria;Burkholderiales;Comamonadaceae;Variovorax;Variovorax_sp._PDC80
207	Cluster_215	Bacteria;Bacteroidetes;Sphingobacteriia;Sphingobacteriales;Sphingobacteriaceae;Sphingobacterium;Sphingobacterium_faecium
208	Cluster_216	Bacteria;Proteobacteria;Alphaproteobacteria;Rhizobiales;Rhizobiaceae;Ensifer;Ensifer_adhaerens
209	Cluster_217	Bacteria;Proteobacteria;Alphaproteobacteria;Rhizobiales;Bradyrhizobiaceae;Afipia;Afipia_broomeae
210	Cluster_218	Bacteria;Proteobacteria;Alphaproteobacteria;Caulobacterales;Caulobacteraceae;Brevundimonas;Brevundimonas_sp._Root1279
211	Cluster_219	Bacteria;Proteobacteria;Betaproteobacteria;Burkholderiales;unclassified;Rhizobacter;Multi-affiliation
212	Cluster_220	Bacteria;Proteobacteria;Gammaproteobacteria;Pseudomonadales;Pseudomonadaceae;Pseudomonas;Multi-affiliation
213	Cluster_221	Bacteria;Proteobacteria;Betaproteobacteria;Burkholderiales;Alcaligenaceae;Achromobacter;Achromobacter_piechaudii
214	Cluster_222	Bacteria;Proteobacteria;Gammaproteobacteria;Pseudomonadales;Pseudomonadaceae;Pseudomonas;Pseudomonas_brenneri
215	Cluster_224	Bacteria;Proteobacteria;Betaproteobacteria;Nitrosomonadales;Methylophilaceae;Methylobacillus;Methylobacillus_glycogenes
216	Cluster_225	Bacteria;Proteobacteria;Alphaproteobacteria;Caulobacterales;unclassified;unclassified;Caulobacterales_bacterium_RIFOXYB1_FULL_67_16
217	Cluster_226	Bacteria;Proteobacteria;Alphaproteobacteria;Caulobacterales;Caulobacteraceae;Brevundimonas;Multi-affiliation
218	Cluster_228	Bacteria;Bacteroidetes;Sphingobacteriia;Sphingobacteriales;Sphingobacteriaceae;Pedobacter;Pedobacter_sp.
219	Cluster_229	Bacteria;Bacteroidetes;Sphingobacteriia;Sphingobacteriales;Sphingobacteriaceae;Pedobacter;Pedobacter_antarcticus
220	Cluster_230	Bacteria;Proteobacteria;Alphaproteobacteria;Sphingomonadales;Sphingomonadaceae;Sphingomonas;Sphingomonas_hengshuiensis
221	Cluster_231	Bacteria;Proteobacteria;Gammaproteobacteria;Pseudomonadales;Pseudomonadaceae;Pseudomonas;Multi-affiliation
222	Cluster_232	Bacteria;Proteobacteria;Betaproteobacteria;Burkholderiales;Burkholderiaceae;Cupriavidus;Cupriavidus_basilensis
223	Cluster_233	Bacteria;Proteobacteria;Alphaproteobacteria;Sphingomonadales;Sphingomonadaceae;Sphingomonas;Sphingomonas_koreensis
225	Cluster_236	Bacteria;Proteobacteria;Gammaproteobacteria;Nevskiales;Sinobacteraceae;Solimonas;Solimonas_variicoloris
226	Cluster_237	Bacteria;Proteobacteria;Alphaproteobacteria;Rhizobiales;Bradyrhizobiaceae;Bradyrhizobium;Bradyrhizobium_sp._CCBAU_43298
227	Cluster_238	Bacteria;Proteobacteria;Betaproteobacteria;Burkholderiales;Alcaligenaceae;Achromobacter;Achromobacter_sp._DMS1
228	Cluster_240	Bacteria;Proteobacteria;Betaproteobacteria;Burkholderiales;Alcaligenaceae;Alcaligenes;Alcaligenes_faecalis
229	Cluster_241	Bacteria;Bacteroidetes;Sphingobacteriia;Sphingobacteriales;Sphingobacteriaceae;Pedobacter;Pedobacter_sp._Hv1
230	Cluster_242	Bacteria;Proteobacteria;Betaproteobacteria;Burkholderiales;Alcaligenaceae;Achromobacter;Multi-affiliation
231	Cluster_243	Bacteria;Proteobacteria;Gammaproteobacteria;Enterobacterales;Morganellaceae;Xenorhabdus;Xenorhabdus_nematophila
232	Cluster_244	Bacteria;Proteobacteria;Alphaproteobacteria;Caulobacterales;Caulobacteraceae;Brevundimonas;Brevundimonas_sp._Root1279
233	Cluster_245	Bacteria;Proteobacteria;Gammaproteobacteria;Pseudomonadales;Pseudomonadaceae;Pseudomonas;Pseudomonas_sp._DRA525
234	Cluster_246	Bacteria;Proteobacteria;Gammaproteobacteria;Pseudomonadales;Pseudomonadaceae;Pseudomonas;Multi-affiliation
236	Cluster_248	Bacteria;Proteobacteria;Gammaproteobacteria;Pseudomonadales;Pseudomonadaceae;Pseudomonas;Pseudomonas_sp._PH1b
237	Cluster_250	Bacteria;Bacteroidetes;Sphingobacteriia;Sphingobacteriales;Sphingobacteriaceae;Sphingobacterium;Multi-affiliation
238	Cluster_251	Bacteria;Proteobacteria;Gammaproteobacteria;Enterobacterales;Enterobacteriaceae;Enterobacter;Enterobacter_cancerogenus
239	Cluster_255	Bacteria;Proteobacteria;Gammaproteobacteria;Pseudomonadales;Pseudomonadaceae;Pseudomonas;Pseudomonas_sp._EGD-AK9
240	Cluster_256	Bacteria;Actinobacteria;Actinobacteria;Micrococcales;Microbacteriaceae;Microbacterium;Microbacterium_barkeri
241	Cluster_257	Bacteria;Proteobacteria;Alphaproteobacteria;Rhizobiales;Hyphomicrobiaceae;Devosia;Devosia_sp._17-2-E-8
242	Cluster_259	Bacteria;Proteobacteria;Alphaproteobacteria;Rhizobiales;Rhizobiaceae;Rhizobium;Rhizobium_sp._Root483D2
243	Cluster_260	Bacteria;Proteobacteria;Alphaproteobacteria;Rhizobiales;Hyphomicrobiaceae;Devosia;Devosia_riboflavina
244	Cluster_261	Bacteria;Proteobacteria;Gammaproteobacteria;Nevskiales;Sinobacteraceae;Hydrocarboniphaga;Hydrocarboniphaga_effusa
245	Cluster_262	Bacteria;Proteobacteria;Gammaproteobacteria;Enterobacterales;Morganellaceae;Xenorhabdus;Xenorhabdus_poinarii
247	Cluster_265	Bacteria;Proteobacteria;Alphaproteobacteria;Rhizobiales;Rhizobiaceae;Rhizobium;Rhizobium_sp._RU36D
248	Cluster_266	Bacteria;Proteobacteria;Alphaproteobacteria;Rhizobiales;Rhizobiaceae;Rhizobium;Rhizobium_sp._NFACC06-2
249	Cluster_267	Bacteria;Bacteroidetes;Sphingobacteriia;Sphingobacteriales;Sphingobacteriaceae;Pedobacter;Pedobacter_sp.
250	Cluster_268	Bacteria;Proteobacteria;Gammaproteobacteria;Pseudomonadales;Pseudomonadaceae;Pseudomonas;Pseudomonas_fluorescens
251	Cluster_269	Bacteria;Proteobacteria;Betaproteobacteria;Nitrosomonadales;Methylophilaceae;Methylophilus;Multi-affiliation
252	Cluster_271	Bacteria;Proteobacteria;Alphaproteobacteria;Rhizobiales;Bradyrhizobiaceae;Bradyrhizobium;Bradyrhizobium_erythrophlei
253	Cluster_272	Bacteria;Proteobacteria;Alphaproteobacteria;Rhizobiales;Hyphomicrobiaceae;Hyphomicrobium;Hyphomicrobium_nitrativorans
254	Cluster_273	Bacteria;Proteobacteria;Alphaproteobacteria;Sphingomonadales;Sphingomonadaceae;Sphingopyxis;Multi-affiliation
255	Cluster_274	Bacteria;Proteobacteria;Betaproteobacteria;Burkholderiales;Alcaligenaceae;Achromobacter;Achromobacter_sp._DH1f
256	Cluster_275	Bacteria;Proteobacteria;Alphaproteobacteria;Rhizobiales;Hyphomicrobiaceae;Devosia;Devosia_enhydra
257	Cluster_276	Bacteria;Proteobacteria;Alphaproteobacteria;Caulobacterales;Caulobacteraceae;Caulobacter;Multi-affiliation
258	Cluster_277	Bacteria;Proteobacteria;Alphaproteobacteria;Caulobacterales;Caulobacteraceae;Brevundimonas;Brevundimonas_diminuta
259	Cluster_279	Bacteria;Proteobacteria;Alphaproteobacteria;Rhizobiales;Phyllobacteriaceae;Mesorhizobium;Multi-affiliation
261	Cluster_281	Bacteria;Proteobacteria;Betaproteobacteria;Burkholderiales;Alcaligenaceae;Achromobacter;Achromobacter_sp._DH1f
262	Cluster_282	Bacteria;Proteobacteria;Gammaproteobacteria;Legionellales;Coxiellaceae;Candidatus_Berkiella;Candidatus_Berkiella_aquae
263	Cluster_283	Bacteria;Proteobacteria;Alphaproteobacteria;Rhizobiales;Rhizobiaceae;Shinella;Shinella_sp._DD12
264	Cluster_284	Bacteria;Proteobacteria;Alphaproteobacteria;Rhizobiales;Phyllobacteriaceae;Mesorhizobium;Mesorhizobium_alhagi
265	Cluster_285	Bacteria;Proteobacteria;Alphaproteobacteria;Rhodospirillales;unclassified;Reyranella;Reyranella_massiliensis
266	Cluster_286	Bacteria;Proteobacteria;Deltaproteobacteria;Desulfovibrionales;Desulfovibrionaceae;Desulfocurvus;Desulfocurvus_vexinensis
268	Cluster_288	Bacteria;Proteobacteria;Gammaproteobacteria;Enterobacterales;Morganellaceae;Xenorhabdus;Xenorhabdus_nematophila
269	Cluster_289	Bacteria;Actinobacteria;Actinobacteria;Micrococcales;Microbacteriaceae;Leucobacter;Leucobacter_sp._PH1c
270	Cluster_290	Bacteria;Proteobacteria;Gammaproteobacteria;Pseudomonadales;Pseudomonadaceae;Pseudomonas;Pseudomonas_sp._EGD-AK9
271	Cluster_291	Bacteria;Proteobacteria;Alphaproteobacteria;Rhizobiales;Phyllobacteriaceae;Aminobacter;Aminobacter_sp._Root100
272	Cluster_292	Bacteria;Proteobacteria;Alphaproteobacteria;Caulobacterales;Caulobacteraceae;Brevundimonas;Brevundimonas_diminuta
273	Cluster_293	Bacteria;Proteobacteria;Alphaproteobacteria;Caulobacterales;Caulobacteraceae;Brevundimonas;Brevundimonas_diminuta
274	Cluster_294	Bacteria;Proteobacteria;Alphaproteobacteria;Caulobacterales;Caulobacteraceae;unclassified;Caulobacteraceae_bacterium_OTSz_A_272
275	Cluster_295	Bacteria;Proteobacteria;Gammaproteobacteria;Pseudomonadales;Moraxellaceae;Perlucidibaca;Perlucidibaca_piscinae
276	Cluster_297	Bacteria;Proteobacteria;Betaproteobacteria;Burkholderiales;Alcaligenaceae;Achromobacter;Multi-affiliation
277	Cluster_298	Bacteria;Proteobacteria;Gammaproteobacteria;Xanthomonadales;Xanthomonadaceae;Stenotrophomonas;Stenotrophomonas_maltophilia
278	Cluster_299	Bacteria;Bacteroidetes;Flavobacteriia;Flavobacteriales;Flavobacteriaceae;Flavobacterium;Flavobacterium_frigidimaris
279	Cluster_300	Bacteria;Bacteroidetes;Chitinophagia;Chitinophagales;Chitinophagaceae;Sediminibacterium;Sediminibacterium_sp._C3
280	Cluster_302	Bacteria;Bacteroidetes;Sphingobacteriia;Sphingobacteriales;Sphingobacteriaceae;Sphingobacterium;Multi-affiliation
281	Cluster_303	Bacteria;Bacteroidetes;Sphingobacteriia;Sphingobacteriales;Sphingobacteriaceae;Pedobacter;Pedobacter_xixiisoli
282	Cluster_305	Bacteria;Bacteroidetes;unclassified;unclassified;unclassified;unclassified;Multi-affiliation
283	Cluster_306	Bacteria;Proteobacteria;Gammaproteobacteria;Enterobacterales;Yersiniaceae;Serratia;Serratia_liquefaciens
284	Cluster_307	Bacteria;Proteobacteria;Alphaproteobacteria;Caulobacterales;Caulobacteraceae;Brevundimonas;Multi-affiliation
285	Cluster_308	Bacteria;Proteobacteria;Alphaproteobacteria;Rhizobiales;Bradyrhizobiaceae;Afipia;Multi-affiliation
287	Cluster_311	Bacteria;Proteobacteria;Gammaproteobacteria;Pseudomonadales;Pseudomonadaceae;Pseudomonas;Pseudomonas_chlororaphis
288	Cluster_312	Bacteria;Proteobacteria;Alphaproteobacteria;Sphingomonadales;Sphingomonadaceae;Sphingopyxis;Sphingopyxis_sp._RIFCSPHIGHO2_01_FULL_65_24
289	Cluster_313	Bacteria;Proteobacteria;Gammaproteobacteria;Enterobacterales;Erwiniaceae;Pantoea;Pantoea_sp._3.5.1
290	Cluster_314	Bacteria;Proteobacteria;Betaproteobacteria;Burkholderiales;Alcaligenaceae;Achromobacter;Achromobacter_sp._2789STDY5608607
291	Cluster_315	Bacteria;Proteobacteria;Gammaproteobacteria;Pseudomonadales;Pseudomonadaceae;Pseudomonas;Pseudomonas_oleovorans
292	Cluster_316	Bacteria;Proteobacteria;Alphaproteobacteria;Sphingomonadales;Sphingomonadaceae;Sphingopyxis;Multi-affiliation
293	Cluster_317	Bacteria;Proteobacteria;Alphaproteobacteria;Rhizobiales;Rhizobiaceae;Sinorhizobium;Sinorhizobium_sp._RAC02
294	Cluster_318	Bacteria;Proteobacteria;Alphaproteobacteria;Sphingomonadales;Sphingomonadaceae;Sphingobium;Sphingobium_xenophagum
295	Cluster_319	Bacteria;Proteobacteria;Alphaproteobacteria;Caulobacterales;Caulobacteraceae;Phenylobacterium;Multi-affiliation
296	Cluster_320	Bacteria;Proteobacteria;Gammaproteobacteria;Xanthomonadales;Xanthomonadaceae;Stenotrophomonas;Stenotrophomonas_sp._KCTC_12332
297	Cluster_321	Bacteria;Proteobacteria;Gammaproteobacteria;Oceanospirillales;Alcanivoracaceae;Alcanivorax;Alcanivorax_pacificus
298	Cluster_322	Bacteria;Proteobacteria;Betaproteobacteria;Burkholderiales;Alcaligenaceae;Alcaligenes;Alcaligenes_faecalis
299	Cluster_323	Bacteria;Proteobacteria;Alphaproteobacteria;Rhizobiales;Rhizobiaceae;Kaistia;Kaistia_granuli
300	Cluster_326	Bacteria;Proteobacteria;Alphaproteobacteria;Rhizobiales;Rhizobiaceae;Rhizobium;Rhizobium_sp._RU33A
301	Cluster_327	Bacteria;Proteobacteria;Gammaproteobacteria;Pseudomonadales;Pseudomonadaceae;Pseudomonas;Pseudomonas_putida
302	Cluster_330	Bacteria;Proteobacteria;Gammaproteobacteria;Pseudomonadales;Pseudomonadaceae;Pseudomonas;Pseudomonas_sp._GM33
303	Cluster_332	Bacteria;Proteobacteria;Alphaproteobacteria;Rhodobacterales;Rhodobacteraceae;Rhodobacter;Rhodobacter_sp._24-YEA-8
306	Cluster_336	Bacteria;Proteobacteria;Alphaproteobacteria;Rhizobiales;Hyphomicrobiaceae;Devosia;Devosia_sp._LC5
307	Cluster_337	Bacteria;Proteobacteria;Gammaproteobacteria;Xanthomonadales;Xanthomonadaceae;Stenotrophomonas;Stenotrophomonas_maltophilia
308	Cluster_346	Bacteria;Proteobacteria;Alphaproteobacteria;Caulobacterales;Caulobacteraceae;Brevundimonas;Brevundimonas_diminuta
309	Cluster_349	Bacteria;Proteobacteria;Alphaproteobacteria;Rhizobiales;Rhizobiaceae;Shinella;Shinella_sp._DD12
310	Cluster_352	Bacteria;Proteobacteria;Gammaproteobacteria;Xanthomonadales;Xanthomonadaceae;Stenotrophomonas;Stenotrophomonas_maltophilia
311	Cluster_353	Bacteria;Proteobacteria;Betaproteobacteria;Burkholderiales;Alcaligenaceae;Achromobacter;Achromobacter_sp._DH1f
312	Cluster_358	Bacteria;Proteobacteria;Alphaproteobacteria;Rhizobiales;Phyllobacteriaceae;Aminobacter;Aminobacter_aminovorans
313	Cluster_367	Bacteria;Proteobacteria;Betaproteobacteria;Burkholderiales;Alcaligenaceae;Alcaligenes;Alcaligenes_faecalis
314	Cluster_377	Bacteria;Firmicutes;Bacilli;Bacillales;Paenibacillaceae;Paenibacillus;Paenibacillus_sp._Y412MC10
315	Cluster_380	Bacteria;Proteobacteria;Gammaproteobacteria;Pseudomonadales;Pseudomonadaceae;Pseudomonas;Multi-affiliation
316	Cluster_401	Bacteria;Proteobacteria;Alphaproteobacteria;Caulobacterales;Caulobacteraceae;Brevundimonas;Brevundimonas_diminuta
317	Cluster_425	Bacteria;Proteobacteria;Gammaproteobacteria;Pseudomonadales;Pseudomonadaceae;Pseudomonas;Pseudomonas_sp._PH1b
318	Cluster_433	Bacteria;Proteobacteria;Gammaproteobacteria;Xanthomonadales;Xanthomonadaceae;Stenotrophomonas;Stenotrophomonas_maltophilia
319	Cluster_440	Bacteria;Proteobacteria;Betaproteobacteria;Burkholderiales;Alcaligenaceae;Alcaligenes;Alcaligenes_faecalis
320	Cluster_480	Bacteria;Proteobacteria;Gammaproteobacteria;Pseudomonadales;Pseudomonadaceae;Pseudomonas;Multi-affiliation
321	Cluster_498	Bacteria;Proteobacteria;Betaproteobacteria;Burkholderiales;Alcaligenaceae;Alcaligenes;Alcaligenes_faecalis
322	Cluster_611	Bacteria;Proteobacteria;Gammaproteobacteria;Pseudomonadales;Pseudomonadaceae;Pseudomonas;Multi-affiliation
